{"cameraMode":{"drawMode":0,"name":"Shaded","section":"Shading Mode"},"sceneLighting":false,"audioPlay":false,"sceneViewState":{"showFog":true,"showMaterialUpdate":false,"showSkybox":true,"showFlares":true,"showImageEffects":true,"showParticleSystems":true},"in2DMode":false,"pivot":{"x":-5.730000019073486,"y":1.100000023841858,"z":3.440000057220459},"rotation":{"x":-0.2211744338274002,"y":-0.06343770027160645,"z":0.014419211074709893,"w":-0.9730620384216309},"size":3.2537147998809816,"orthographic":false}